<?xml version="1.0" encoding="UTF-8"?>
<project-private xmlns="http://www.netbeans.org/ns/project-private/1">
    <editor-bookmarks xmlns="http://www.netbeans.org/ns/editor-bookmarks/2" lastBookmarkId="0"/>
    <open-files xmlns="http://www.netbeans.org/ns/projectui-open-files/2">
        <group>
            <file>file:/C:/Users/Alyssa/Documents/NetBeansProjects/GenericRPG/src/java/servlets/CharacterCreateServlet.java</file>
            <file>file:/C:/Users/Alyssa/Documents/NetBeansProjects/GenericRPG/src/java/business/Champion.java</file>
            <file>file:/C:/Users/Alyssa/Documents/NetBeansProjects/GenericRPG/src/java/business/Generic_Combatant.java</file>
            <file>file:/C:/Users/Alyssa/Documents/NetBeansProjects/GenericRPG/src/java/servlets/UpdateChampionServlet.java</file>
        </group>
    </open-files>
</project-private>
